Disease	Overlaps	CatalogNumber	Fraction	Odds	Pval	rank
Metabolism	1031	22261	0.0257596	1.02944	2.43328218407986e-64	8
Hypertension	209	4473	0.0257596	1.03856	2.17822014648082e-12	7
CAD	135	2530	0.0257596	1.18604	1.39901065877677e-11	6
Cancer	235	5489	0.0257596	0.951613	4.06779022693639e-10	5
Heart	99	1829	0.0257596	1.20312	1.42440628149866e-08	4
Nervous	168	4075	0.0257596	0.916363	8.9027969959798e-06	3
Inflammatory	90	1941	0.0257596	1.03063	0.000136054957715818	2
COVID19	84	2216	0.0257596	0.842549	0.328241677617109	1
